{"cameraMode":{"drawMode":0,"name":"Shaded","section":"Shading Mode"},"sceneLighting":true,"audioPlay":false,"sceneViewState":{"m_AlwaysRefresh":false,"showFog":true,"showSkybox":true,"showFlares":true,"showImageEffects":true,"showParticleSystems":true,"showVisualEffectGraphs":true,"m_FxEnabled":true},"in2DMode":false,"pivot":{"x":17.066003799438478,"y":185.1776123046875,"z":-95.92923736572266},"rotation":{"x":0.21218131482601167,"y":0.33902496099472048,"z":-0.07877630740404129,"w":0.9131524562835693},"size":43.325462341308597,"orthographic":false}