{"cameraMode":{"drawMode":0,"name":"Shaded","section":"Shading Mode"},"sceneLighting":true,"audioPlay":false,"sceneViewState":{"m_AlwaysRefresh":false,"showFog":true,"showSkybox":true,"showFlares":true,"showImageEffects":true,"showParticleSystems":true,"showVisualEffectGraphs":true,"m_FxEnabled":true},"in2DMode":false,"pivot":{"x":-272.6408386230469,"y":242.81362915039063,"z":-267.54827880859377},"rotation":{"x":0.28084486722946169,"y":0.36742186546325686,"z":-0.11741583794355393,"w":0.8788298964500427},"size":132.32980346679688,"orthographic":false}